YTID,start_seconds,end_seconds,positive_labels
0amHVSbkaX8,60,70," ""/m/0c3f7m"""
0cwIKnoMEBE,40,50," ""/m/0c3f7m"""
1GG3QoDNLFM,30,40," ""/m/0c3f7m"""
1WFLYqsLvv0,0,10," ""/m/0c3f7m"""
41Sp2_BXM0U,240,250," ""/m/0c3f7m"""
4xcSq8UjPCI,30,40," ""/m/0c3f7m"""
5EbJQCFom8o,70,80," ""/m/0c3f7m"""
C4gMM8aXagQ,30,40," ""/m/0c3f7m"""
D2_KIhSbmt0,40,50," ""/m/0c3f7m"""
EqSluSsMXE0,30,40," ""/m/0c3f7m"""
F3dasUA6LqU,120,130," ""/m/0c3f7m"""
HxO2GRMD_fw,90,100," ""/m/0c3f7m"""
I6YfsWzCvLI,30,40," ""/m/0c3f7m"""
IYrVF4tHN08,20,30," ""/m/0c3f7m"""
LPvP5Cu4FwY,20,30," ""/m/0c3f7m"""
MD5-NpSFLas,130,140," ""/m/0c3f7m"""
Mls0tzvQpzQ,340,350," ""/m/0c3f7m"""
N3pxp1FCJRQ,110,120," ""/m/0c3f7m"""
Qy4Qu4sNUF0,260,270," ""/m/0c3f7m"""
RTVc3b_Udrs,30,40," ""/m/0c3f7m"""
S2Vk2fGMW1g,70,80," ""/m/0c3f7m"""
SXFMAPPaAbA,30,40," ""/m/0c3f7m"""
VRQOBTLAwgc,30,40," ""/m/0c3f7m"""
Z_RF6ppPVKM,20,30," ""/m/0c3f7m"""
ZaofVJP8QYI,40,50," ""/m/0c3f7m"""
cQGmwvP5fCA,150,160," ""/m/0c3f7m"""
hbzS-DuGx-A,530,540," ""/m/0c3f7m"""
jId8lbfr-kg,250,260," ""/m/0c3f7m"""
zNYHzcIRMFY,30,40," ""/m/0c3f7m"""
7GEiPdnqJUw,20,30," ""/m/0c3f7m"""
BIK1Ds79KVM,120,130," ""/m/0c3f7m"""
GyygYycarL0,80,90," ""/m/0c3f7m"""
LjeZYuAHjpk,0,10," ""/m/0c3f7m"
Q9DhGcV2OZs,160,170," ""/m/0c3f7m"""
SQQgQ8wVfF0,30,40," ""/m/0c3f7m"""
WlSHKXsyEOU,0,10," ""/m/0c3f7m"""
XUIizI20wDI,380,390," ""/m/0c3f7m"""
XgzRQ8OD8TE,30,40," ""/m/0c3f7m"""
dzd3vubsmMY,60,70," ""/m/0c3f7m"
eLpoiPXQe1Q,0,10," ""/m/0c3f7m"""
fLpLKstiULY,110,120," ""/m/0c3f7m"""
hWs6qu4ayAc,80,90," ""/m/0c3f7m"""
kGKZ0YK4_rk,30,40," ""/m/0c3f7m"""
rIQIHXwqnTE,50,60," ""/m/0c3f7m"""
xoL_pPNeNgU,0,10," ""/m/0c3f7m"""
2VMfJymq_lY,30,40,"/m/0c3f7m"""
6z4HD7Dw7i8,30,40,"/m/0c3f7m"""
CDwk_DbprX4,30,40,"/m/0c3f7m"""
DMMCiQB7-E4,30,40,"/m/0c3f7m"""
O2htSqXhdqE,0,10,/m/0c3f7m
PCsQ3zgL3CU,230,240,"/m/0c3f7m"""
dgDNEEzUlq4,0,10,"/m/0c3f7m"""
hzEo0DRl8l4,30,40,"/m/0c3f7m"""
pcRhhSdpbqg,30,40,"/m/0c3f7m"""
q3nALRNgkOY,30,40,"/m/0c3f7m"""
tt1vv6Il_Es,220,230,"/m/0c3f7m"""
uBCBppnw7OU,30,40,"/m/0c3f7m"""
vmxCQHqiM54,30,40,"/m/0c3f7m"""
HFpfDaLZtzQ,30,40,"/m/0c3f7m"""
I3etAR5FQjo,60,70,"/m/0c3f7m"""
